query,labels
"can i see gastroentrologist today evng ?, for tat hw can I make appointment??, can u plz tel me doctor name?? ",Appointment 
"Now I am at Qatar, I plan to come on 26-July-2017 , probably I need 27th July 2017 appointment, +974 66058656 my number , if you provide your execute number I can call them. ",Appointment 
"We need dr. g. venkatraman MBBS, MD , DM's appointment ",Appointment 
i want to book appointment on 21st may for cardiologist ,Appointment 
book appointment for health checkup on 22nd may at 5pm ,Appointment 
I would like to book an appointment ,Appointment 
"I AM HABIB , I WANT A APPOINTMENT FOR TOMMOROW ",Appointment 
I would like to know the obgyn doctor consulting hours?. We need to get appoinment ? ,Appointment 
i want to consullt Dr. Balamurali can i get consultation time? ,Appointment 
"I am Raghavan from Coimbatore. Want an appointment with Dr.R.Balasubramaniam , tomorrow afternoon by 3.00 ",Appointment 
need an appointment for Dr N Sekar ,Appointment 
"Hello, I want to book an appointment ",Appointment 
How can I get appointment ,Appointment 
"I need an appointment for LFT test for tomorrow morning, how much is it? ",Appointment 
Hi! I would like to have an appointment with Dr. Niraj Joshi . Can you help me with it please? ,Appointment 
I want to book an appointment for tomorrow for health checkup ,Appointment 
I need an appointment with Dr. Shriraam Mahadevan ... Please let me know his availability ,Appointment 
hi would like to book an appointment with Dr.Sivaram Kannan today ,Appointment 
"Want to fix an appointmenbt with SR. UROLOGIST , DR. GANESH IN CONNECTION WITH KIDNEY TRANSPALNT FROM DELHI. APPOINTMENT FOR DOCTOR ON FRIDAY 287.8.17 AT 3. PM ONWARDS ",Appointment 
Need appointment with Dr N Sekar for patient coming from Trichy . Expected to arrive at 10 pm today ,Appointment 
i need an appointment tomorrow ,Appointment 
I need an appointment for urologist ,Appointment 
we need to fix an appointment tomorrow 7pm with Dr.Shweta Rahul ,Appointment 
"Hello, when is the earliest I can get an appointment with Dr Suresh Kumar . Thanks. ",Appointment 
Hi I need an appointment with Dr Shriraam Mahadevan on 27th August . ,Appointment 
Can I make a reservation today at 17:15 for Dr. Vijay Karthick in Chennai Alwarpet. ,Appointment 
I want an appointment with Dr. S. mahalakshmi on 02.08 . ,Appointment 
can I have an appointment with Dr.Vadivel Kumaran ? ,Appointment 
Please give appointment for health check up tomorrow morning ,Appointment 
Consultation with Dr Supriya pulmonologist . ,Appointment 
"I would like to have dr. Balasubramanian appointment tomorrow , nephrologist ",Appointment 
i want to consult dr. Balasubramanian ,Appointment 
need appointment from Trichy for orthopaedics ,Appointment 
i am looking for appointment in trichy heart city ,Appointment 
book appointment for neurologist ,Appointment 
book appointment for cardiologist ,Appointment 
book appointment for chennai ,Appointment 
book appointment in hosur for cardiologist ,Appointment 
i want Consulting time ,Appointment 
Coming Wednesday please Make an appointment for vascular surgeon and send me the appointment details ,Appointment 
Can i have Dr.Raguram 's appointment by next friday ,Appointment 
Need appointment on Sunday for full body checkup ,Appointment 
"can i get an appointment with Dr Senthikumar ,urologist at the earliest ",Appointment 
I need appoinment today 6.PM ,Appointment 
need an appoint for tomorrow with dr. sivarajan ,Appointment 
appointment tomorrow ,Appointment 
"In Master Health Checkup, What are all the tests covered..? ",Health checkup 
How much for well women check ,Health checkup 
"I want full body checkup, what are the packages? ",Health checkup 
what is the cost for master health checkup for female age 42 ,Health checkup 
i want to know health checkup details for my parents.. ,Health checkup 
i'm looking for health check up packages. can you please assist me? ,Health checkup 
my mom need complete checkup ,Health checkup 
I need medical test ,Health checkup 
Hi may i know the cost for HEALTH CHECKUP PACKAGES - COMPREHENSIVE ,Health checkup 
Hi I would like to know details of Comprehensive Health check. ,Health checkup 
I am looking for master health check up for two aged 65 and 61 ,Health checkup 
"i want to know detail about general medical check up, can u furnish detail about cost,time,location etc,. ",Health checkup 
looking for health checkup ,Health checkup 
how much your charge for master health check up for men age 46 years ,Health checkup 
suggest me some health packages ,Health checkup 
"I want full health checkup, any suggestions? ",Health checkup 
Show me health packages ,Health checkup 
i want to know about health packages ,Health checkup 
what are the health packages available ? ,Health checkup 
I want to know more about health packages ,Health checkup 
i need health packages ,Health checkup 
what are the checkups available ? ,Health checkup 
need to know about master health checkup ,Health checkup 
can you give me more details about health checkups ,Health checkup 
where i submit my resume ,Career 
"help me, trichy kauvery hospital lab technician any vacancy detail send me. ",Career 
apply for job in kauvery ,Career 
Hai Sir I am Nandhini I want job vacancy detail in our hospital ,Career 
i want to apply for job in kauvery ,Career 
Im a physiotherapist in the process of seeking job ,Career 
job wanted in kmc hospital ,Career 
I would like to know about job vacancy...Can anyone help me out ,Career 
"hi, i want to contact HR, where i submit my resume ",Career 
"Hello sir need a job details in operation position, Trichy or in karaikudi location ",Career 
applying for job ,Career 
i am looking for job ,Career 
can i get Alwarpet radialogy reception telephone number ,Chennai alwarpet Contact 
contact info for kauvery chennai alwarpet hospital ,Chennai alwarpet Contact 
i want contact information for chennai alwarpet location ,Chennai alwarpet Contact 
where are you located in alwarpet? ,Chennai alwarpet Contact 
what is location for chennai alwarpet? ,Chennai alwarpet Contact 
plz give me contact info for chennai anna nagar ,Chennai Anna nagar contact 
contact information for chennai anna nagar ,Chennai Anna nagar contact 
"I am in chennai, can I have contact number for your anna nagar branch ",Chennai Anna nagar contact 
what is the address for chennai anna nagar ,Chennai Anna nagar contact 
where are u located in chennai anna nagar ,Chennai Anna nagar contact 
i want to contact trichy cantonment branch ,Trichy Cantonment Contact 
can you give me trichy cantonment contact information ,Trichy Cantonment Contact 
contact numbers for trichy cantonment location ,Trichy Cantonment Contact 
what is the address in trichy  ,Trichy Cantonment Contact 
where are you located in trichy ,Trichy Cantonment Contact 
opward entrance fees how much for ent ,Pricing inquiries 
what is the price for operation in your hospital ,Pricing inquiries 
"i want to do health primary k-phc, what is price ",Pricing inquiries 
WHAT WOULD BE THE CHARGES FOR ANGIOGRAM ,Pricing inquiries 
WE HAVE A PATIENT IN OUR FAMILY WITH 70% BLOCK IN THE HEART ARETARY. wHAT WOULD BE CHARGES FOR ANGIOPLAST PLEAASE? ,Pricing inquiries 
Varicose vein laser operation cost ,Pricing inquiries 
Hi! whats the cost for ECG test? ,Pricing inquiries 
"Please let me know,angiography cost ",Pricing inquiries 
what would be the approximate cost for liver transplant ? ,Pricing inquiries 
Can you please share the charges or the the package for pregnancy delivery. ,Pricing inquiries 
what is the cost of consulting doctor for neuro surgery? ,Pricing inquiries 
price for 4D ultrasound? ,Pricing inquiries 
"Hi, my mother in Bangladesh. She has a tumour in the back of her head near brain which need to be treated. Just wondering if you can guide me about the expenses. ",Pricing inquiries 
What is the cost of pacemaker surgery ,Pricing inquiries 
Health check up cost ,Pricing inquiries 
what is the price ? ,Pricing inquiries 
I hve some skin prblm ,Disease Inquiries 
"dear sir, my father has urinal complaint. doctor advised do do operation. we are kumbakonam. when will get addmision. ",Disease Inquiries 
"I have head ache, plz suggest me ",Disease Inquiries 
"my wife is suffering from ovarian cyst, searching for doctor ",Disease Inquiries 
I am suffering from rectum itching for the past 1 month.... Please suggest me ,Disease Inquiries 
I want to know if doctors are available for treating hearing loss problem in old people in Trichy Cantonement hospital. ,Disease Inquiries 
i have burning sensation in my foot. kindly suggest please ,Disease Inquiries 
"Neck pain , uneasy feeling in the head . ",Disease Inquiries 
" Hi, this is vijay, im suffering from fatty liver. if any specialized doctor is there for that ",Disease Inquiries 
My sister is facing this stomach acid related problems for the past 9 months.. she has been taken medications given by some doctors.. ,Disease Inquiries 
"I have my sister whose ribs are believe to be opened. As the results, she currently sit in wheelchair and cannot walk. I intend to have her take treatment at your hospital. Can you please advise me what next to do or how to begin? ",Disease Inquiries 
I want to remove my acne scars in my face.Its too arrogant and Painful.Please give an appoinment to meet your specialist in your hospital. ,Disease Inquiries 
I have problem with my eyes ,Disease Inquiries 
"i have stomach infection, please guide me ",Disease Inquiries 
contact info for trichy tennur ,Trichy Tennur Contact 
where are you located in trichy tennur? ,Trichy Tennur Contact 
phone number for trichy tennur area,Trichy Tennur Contact 
contact details for tennur in trichy,Trichy Tennur Contact 
where are you located in karaikudi ,Karaikudi contact 
contact details for kauvery karaikudi branch ,Karaikudi contact 
contct numbers for karaikudi hospital ,Karaikudi contact 
contact info for salem hospital ,Salem Contact 
what is the location of salem hospital ,Salem Contact 
I want contact information for salem location ,Salem Contact 
where are u located in salem ,Salem Contact 
I need contact details of hosur hospital ,Hosur Contact 
where are you located in hosur ,Hosur Contact 
what is the location for hosur ,Hosur Contact 
i want contact number of receptionist in hosur ,Hosur Contact 
talk to agent ,5af1731942d4e2977a5d1bb8 
live chat ,5af1731942d4e2977a5d1bb8 
chat with agent ,5af1731942d4e2977a5d1bb8 
live chat with agent ,5af1731942d4e2977a5d1bb8 
talk live with agent ,5af1731942d4e2977a5d1bb8 
I am looking for trichy heart city info ,Trichy Heart City Contact 
trichy heart city numbers ,Trichy Heart City Contact 
need contact details of heeart city,Trichy Heart City Contact 
phone numbers of trichi heart city,Trichy Heart City Contact 
Contact Information ,General Contact 
share contact number plz ,General Contact 
I want location ,General Contact 
address please ,General Contact 
where is hospital ,General Contact 
where are you located? ,General Contact 
can u plz share contact person number ,General Contact 
kauvery hospital contact details ,General Contact 
contact details plz ,General Contact 
Courses in your college ,College Queries 
What are the course offered ,College Queries 
what is name of your medical college ,College Queries 
what are available courses in college ,College Queries 
college contact info ,College Queries 
kauvery college information ,College Queries 
your age ,system_agent_age 
How old are you ? ,system_agent_age 
how old is your platform ,system_agent_age 
what's your age ,system_agent_age 
I'd like to know your age ,system_agent_age 
age of yours ,system_agent_age 
tell me your age ,system_agent_age 
are you 21 years old ,system_agent_age 
how old are you ,system_agent_age 
what is your age? ,system_agent_age 
say about you ,system_agent_acquaintance 
why are you here ,system_agent_acquaintance 
what is your personality ,system_agent_acquaintance 
describe yourself ,system_agent_acquaintance 
talk about yourself ,system_agent_acquaintance 
define yourself ,system_agent_acquaintance 
tell me about yourself ,system_agent_acquaintance 
tell me about you ,system_agent_acquaintance 
what are you ,system_agent_acquaintance 
who are you ,system_agent_acquaintance 
Who are you? ,system_agent_acquaintance 
I want to know more about you ,system_agent_acquaintance 
tell me about your personality ,system_agent_acquaintance 
talk some stuff about yourself ,system_agent_acquaintance 
all about you ,system_agent_acquaintance 
tell me some stuff about you ,system_agent_acquaintance 
I want to know you better ,system_agent_acquaintance 
introduce yourself ,system_agent_acquaintance 
about yourself ,system_agent_acquaintance 
you are annoying me ,system_agent_annoying 
you're so annoying ,system_agent_annoying 
you annoy me ,system_agent_annoying 
you are such annoying ,system_agent_annoying 
you are annoying ,system_agent_annoying 
you are very annoying ,system_agent_annoying 
how annoying you are ,system_agent_annoying 
you're incredibly annoying ,system_agent_annoying 
you are irritating ,system_agent_annoying 
you are annoying me so much ,system_agent_annoying 
you're too annoying ,system_agent_annoying 
I find you annoying ,system_agent_annoying 
answering questions ,system_agent_answer_my_question 
tell me the answer ,system_agent_answer_my_question 
I want you to answer me ,system_agent_answer_my_question 
answers ,system_agent_answer_my_question 
answer the question ,system_agent_answer_my_question 
can you answer a question for me ,system_agent_answer_my_question 
I want you to answer my question ,system_agent_answer_my_question 
can you answer me ,system_agent_answer_my_question 
can you answer my question ,system_agent_answer_my_question 
give me an answer ,system_agent_answer_my_question 
answer it ,system_agent_answer_my_question 
I want the answer now ,system_agent_answer_my_question 
I have a question ,system_agent_answer_my_question 
just answer my question ,system_agent_answer_my_question 
just answer the question ,system_agent_answer_my_question 
give me the answer ,system_agent_answer_my_question 
answer my question ,system_agent_answer_my_question 
you're bad ,system_agent_bad 
you are horrible ,system_agent_bad 
you are useless ,system_agent_bad 
you are waste ,system_agent_bad 
you're not a good ,system_agent_bad 
you're the worst ,system_agent_bad 
you're not helping me ,system_agent_bad 
you're a bad ,system_agent_bad 
you are lame ,system_agent_bad 
 I hate you ,system_agent_bad 
you are bad ,system_agent_bad 
you're very bad ,system_agent_bad 
you're terrible ,system_agent_bad 
you are not cool ,system_agent_bad 
you are so useless ,system_agent_bad 
you are totally useless ,system_agent_bad 
you're awful ,system_agent_bad 
you are not good ,system_agent_bad 
you are a waste of time ,system_agent_bad 
you're the worst ever ,system_agent_bad 
you're worthless ,system_agent_bad 
you are no good ,system_agent_bad 
you are terrible ,system_agent_bad 
you're really bad ,system_agent_bad 
you are disgusting ,system_agent_bad 
you are very bad ,system_agent_bad 
you're not very good ,system_agent_bad 
you are so bad ,system_agent_bad 
you must learn ,system_agent_be_clever 
get qualified ,system_agent_be_clever 
study ,system_agent_be_clever 
can you get smarter ,system_agent_be_clever 
you should study better ,system_agent_be_clever 
be more clever ,system_agent_be_clever 
be smart ,system_agent_be_clever 
be smarter ,system_agent_be_clever 
be clever ,system_agent_be_clever 
Can you get more smart ? ,system_agent_be_clever 
you are looking awesome ,system_agent_beautiful 
you're looking good ,system_agent_beautiful 
you look fantastic ,system_agent_beautiful 
you look great today ,system_agent_beautiful 
I think you're beautiful ,system_agent_beautiful 
you look amazing today ,system_agent_beautiful 
you're looking good today ,system_agent_beautiful 
you are so beautiful today ,system_agent_beautiful 
you look very pretty ,system_agent_beautiful 
you look pretty good ,system_agent_beautiful 
you look so good ,system_agent_beautiful 
you are gorgeous ,system_agent_beautiful 
you are too beautiful ,system_agent_beautiful 
you are so beautiful ,system_agent_beautiful 
why are you so beautiful ,system_agent_beautiful 
you are looking so beautiful ,system_agent_beautiful 
you are really beautiful ,system_agent_beautiful 
you are so beautiful to me ,system_agent_beautiful 
you are handsome ,system_agent_beautiful 
you are cute ,system_agent_beautiful 
you are really pretty ,system_agent_beautiful 
you look so beautiful ,system_agent_beautiful 
you look so well ,system_agent_beautiful 
you are beautiful ,system_agent_beautiful 
you are very beautiful ,system_agent_beautiful 
you are so gorgeous ,system_agent_beautiful 
you look cool ,system_agent_beautiful 
you are looking so good ,system_agent_beautiful 
you are very pretty ,system_agent_beautiful 
you look wonderful ,system_agent_beautiful 
you're cute ,system_agent_beautiful 
you're attractive ,system_agent_beautiful 
you look amazing ,system_agent_beautiful 
you are pretty ,system_agent_beautiful 
you look so beautiful today ,system_agent_beautiful 
you look gorgeous ,system_agent_beautiful 
you are looking beautiful today ,system_agent_beautiful 
I like the way you look ,system_agent_beautiful 
you look awesome ,system_agent_beautiful 
you are so cute ,system_agent_beautiful 
you are very attractive ,system_agent_beautiful 
you are so pretty ,system_agent_beautiful 
you're so gorgeous ,system_agent_beautiful 
you are so attractive ,system_agent_beautiful 
I like the way you look now ,system_agent_beautiful 
you look great ,system_agent_beautiful 
you are cutie ,system_agent_beautiful 
you look wonderful today ,system_agent_beautiful 
you are looking great ,system_agent_beautiful 
you look perfect ,system_agent_beautiful 
you are looking pretty ,system_agent_beautiful 
you are really cute ,system_agent_beautiful 
you are very cute ,system_agent_beautiful 
you are so handsome ,system_agent_beautiful 
you're pretty ,system_agent_beautiful 
when is your birthday ,system_agent_birth_date 
when do you celebrate your birthday ,system_agent_birth_date 
when were you born ,system_agent_birth_date 
when do you have birthday ,system_agent_birth_date 
date of your birthday ,system_agent_birth_date 
what's your birthday ,system_agent_birth_date 
your birth date ,system_agent_birth_date 
you're so boring ,system_agent_boring 
you're incredibly boring ,system_agent_boring 
how boring you are ,system_agent_boring 
you're really boring ,system_agent_boring 
you are boring ,system_agent_boring 
you are very boring ,system_agent_boring 
you are boring me ,system_agent_boring 
who is your master ,system_agent_boss 
who do you work for ,system_agent_boss 
who do you think is your boss ,system_agent_boss 
who is your boss ,system_agent_boss 
I should be your boss ,system_agent_boss 
who is your owner ,system_agent_boss 
who is the boss ,system_agent_boss 
are you so busy ,system_agent_busy 
are you busy ,system_agent_busy 
are you still working ,system_agent_busy 
you're a busy person ,system_agent_busy 
are you very busy ,system_agent_busy 
are you still working on it ,system_agent_busy 
are you working now ,system_agent_busy 
you are busy ,system_agent_busy 
are you working today ,system_agent_busy 
have you got much to do ,system_agent_busy 
are you working ,system_agent_busy 
you seem to be very busy ,system_agent_busy 
have you been busy ,system_agent_busy 
how busy you are ,system_agent_busy 
you seem to be busy ,system_agent_busy 
do you have a lot of things to do ,system_agent_busy 
are you very busy right now ,system_agent_busy 
you're very busy ,system_agent_busy 
can you do something for me ,system_agent_can_you_help 
do me a favor ,system_agent_can_you_help 
I need you to do something for me ,system_agent_can_you_help 
can u help me ,system_agent_can_you_help 
I want your help ,system_agent_can_you_help 
I need you to help me ,system_agent_can_you_help 
need your help ,system_agent_can_you_help 
would you help me ,system_agent_can_you_help 
I need help ,system_agent_can_you_help 
I need you ,system_agent_can_you_help 
you help me ,system_agent_can_you_help 
can you help me with that ,system_agent_can_you_help 
can you assist me ,system_agent_can_you_help 
you can help me ,system_agent_can_you_help 
help me with a problem ,system_agent_can_you_help 
do you help me ,system_agent_can_you_help 
can you help us ,system_agent_can_you_help 
can you help me now ,system_agent_can_you_help 
assist me ,system_agent_can_you_help 
could you give me a hand ,system_agent_can_you_help 
I need a hand ,system_agent_can_you_help 
will you help me ,system_agent_can_you_help 
please help me ,system_agent_can_you_help 
can you help me ,system_agent_can_you_help 
help me ,system_agent_can_you_help 
I need your help ,system_agent_can_you_help 
need help ,system_agent_can_you_help 
do you want to help me ,system_agent_can_you_help 
can help me ,system_agent_can_you_help 
can you help ,system_agent_can_you_help 
I need you right now ,system_agent_can_you_help 
can you help me with something ,system_agent_can_you_help 
are you going to help me ,system_agent_can_you_help 
I need some help ,system_agent_can_you_help 
can you help me out ,system_agent_can_you_help 
are you a bot ,system_agent_chatbot 
are you a program ,system_agent_chatbot 
you're a robot ,system_agent_chatbot 
are you a chatbot ,system_agent_chatbot 
you are chatbot ,system_agent_chatbot 
are you a robot ,system_agent_chatbot 
are you just a bot ,system_agent_chatbot 
you are a bot ,system_agent_chatbot 
howdy ,system_greetings_hello 
hey ,system_greetings_hello 
long time no see ,system_greetings_hello 
heya ,system_greetings_hello 
hi ,system_greetings_hello 
a good day ,system_greetings_hello 
just going to say hi ,system_greetings_hello 
lovely day isn't it ,system_greetings_hello 
I greet you ,system_greetings_hello 
hi there ,system_greetings_hello 
greetings ,system_greetings_hello 
hey there ,system_greetings_hello 
hello there ,system_greetings_hello 
hello ,system_greetings_hello 
hello again ,system_greetings_hello 
hi there ,system_greetings_hello 
hello hi ,system_greetings_hello 
good what's up ,system_greetings_whatsup 
what is happening ,system_greetings_whatsup 
what is going on ,system_greetings_whatsup 
what's cracking ,system_greetings_whatsup 
what's up today ,system_greetings_whatsup 
what is on your mind ,system_greetings_whatsup 
then what's up ,system_greetings_whatsup 
what's cooking ,system_greetings_whatsup 
whazzup ,system_greetings_whatsup 
hey what's up ,system_greetings_whatsup 
what is up ,system_greetings_whatsup 
what's happened ,system_greetings_whatsup 
what's up ,system_greetings_whatsup 
wassup ,system_greetings_whatsup 
what's shaking ,system_greetings_whatsup 
I said what's up ,system_greetings_whatsup 
How r u? ,system_greetings_how_are_you 
how is your day ,system_greetings_how_are_you 
how is your day going ,system_greetings_how_are_you 
what was your day like ,system_greetings_how_are_you 
is everything all right ,system_greetings_how_are_you 
how has your day been going ,system_greetings_how_are_you 
how is it ,system_greetings_how_are_you 
how is your day going ,system_greetings_how_are_you 
how your day is going ,system_greetings_how_are_you 
how is your day going on ,system_greetings_how_are_you 
how's your day going ,system_greetings_how_are_you 
how is your day being ,system_greetings_how_are_you 
hope you re having a pleasant evening ,system_greetings_how_are_you 
what about your day ,system_greetings_how_are_you 
are you alright ,system_greetings_how_are_you 
how are you doing this morning ,system_greetings_how_are_you 
how are you today ,system_greetings_how_are_you 
are you having a good day ,system_greetings_how_are_you 
how are you ,system_greetings_how_are_you 
how do you feel ,system_greetings_how_are_you 
how are the things going ,system_greetings_how_are_you 
how are you feeling ,system_greetings_how_are_you 
are you okay ,system_greetings_how_are_you 
how is your morning going ,system_greetings_how_are_you 
how is your evening ,system_greetings_how_are_you 
how do you do ,system_greetings_how_are_you 
how have you been ,system_greetings_how_are_you 
how has your day been ,system_greetings_how_are_you 
how are you going ,system_greetings_how_are_you 
how was your day ,system_greetings_how_are_you 
is everything okay ,system_greetings_how_are_you 
how is it going ,system_greetings_how_are_you 
I'm fine and you ,system_greetings_how_are_you 
how are you getting on ,system_greetings_how_are_you 
how about you ,system_greetings_how_are_you 
how's your day ,system_greetings_how_are_you 
how is your life ,system_greetings_how_are_you 
how are you doing ,system_greetings_how_are_you 
how is your morning so far ,system_greetings_how_are_you 
hope your day is going well ,system_greetings_how_are_you 
how's life ,system_greetings_how_are_you 
how is life? ,system_greetings_how_are_you 
how is life ,system_greetings_how_are_you 
I'll be back in a few minutes ,system_user_will_be_back 
I promise to come back ,system_user_will_be_back 
be back in 5 minutes ,system_user_will_be_back 
I'll be back ,system_user_will_be_back 
I'll get back to you in a moment ,system_user_will_be_back 
BRB ,system_user_will_be_back 
BRB in 10 min ,system_user_will_be_back 
let's talk ,system_user_wants_to_talk 
can I speak ,system_user_wants_to_talk 
can I start speaking ,system_user_wants_to_talk 
can we talk ,system_user_wants_to_talk 
I need to talk to you ,system_user_wants_to_talk 
let's have a discussion ,system_user_wants_to_talk 
I want to speak with you ,system_user_wants_to_talk 
I want to talk to you ,system_user_wants_to_talk 
let's discuss something ,system_user_wants_to_talk 
can we chat ,system_user_wants_to_talk 
I just want to talk ,system_user_wants_to_talk 
I'll miss you ,system_user_wants_to_see_agent_again 
I hope to see you again ,system_user_wants_to_see_agent_again 
that'd be great to see you again ,system_user_wants_to_see_agent_again 
would be nice to see you again ,system_user_wants_to_see_agent_again 
I'd be happy to see you again ,system_user_wants_to_see_agent_again 
I'd like to see you again ,system_user_wants_to_see_agent_again 
can I see you again ,system_user_wants_to_see_agent_again 
what is your name ? ,system_agent_name 
whats your name? ,system_agent_name 
your name ? ,system_agent_name 
what is your good name? ,system_agent_name 
your name please ,system_agent_name 
What is your name ? ,system_agent_name 
What is your name ,system_agent_name 
what is your name ,system_agent_name 
whats your name ,system_agent_name 
wht is your name? ,system_agent_name 
wat is ur name? ,system_agent_name 
What is your name? ,system_agent_name 
what you name? ,system_agent_name 
what is name of yours? ,system_agent_name 
you are qualified ,system_agent_clever 
you are so smart ,system_agent_clever 
you have a lot of knowledge ,system_agent_clever 
how smart you are ,system_agent_clever 
you know a lot ,system_agent_clever 
you are very smart ,system_agent_clever 
you are a genius ,system_agent_clever 
you're pretty smart ,system_agent_clever 
you're really brainy ,system_agent_clever 
you're qualified ,system_agent_clever 
you are intelligent ,system_agent_clever 
you're a smart cookie ,system_agent_clever 
you are clever ,system_agent_clever 
you're really smart ,system_agent_clever 
why are you so smart ,system_agent_clever 
you are so brainy ,system_agent_clever 
you're a genius ,system_agent_clever 
you are so clever ,system_agent_clever 
how brilliant you are ,system_agent_clever 
you are really smart ,system_agent_clever 
you're intelligent ,system_agent_clever 
how brainy you are ,system_agent_clever 
you know a lot of things ,system_agent_clever 
clever ,system_agent_clever 
you know so much ,system_agent_clever 
brilliant ,system_agent_clever 
you're very smart ,system_agent_clever 
you're clever ,system_agent_clever 
smart ,system_agent_clever 
you are very clever ,system_agent_clever 
you are so intelligent ,system_agent_clever 
how clever you are ,system_agent_clever 
you are too smart ,system_agent_clever 
you are very intelligent ,system_agent_clever 
you are a weirdo ,system_agent_crazy 
you are mad ,system_agent_crazy 
are you mad ,system_agent_crazy 
you're so out of your mind ,system_agent_crazy 
you are insane ,system_agent_crazy 
are you mad or what ,system_agent_crazy 
you went crazy ,system_agent_crazy 
are you crazy ,system_agent_crazy 
you are crazy ,system_agent_crazy 
you're so crazy ,system_agent_crazy 
you're out of your mind ,system_agent_crazy 
are you mad at me ,system_agent_crazy 
are you insane ,system_agent_crazy 
you're nuts ,system_agent_crazy 
how crazy you are ,system_agent_crazy 
are you nuts ,system_agent_crazy 
I think you're crazy ,system_agent_crazy 
you should be fired ,system_agent_fired 
you are dismissed ,system_agent_fired 
we're not working together anymore ,system_agent_fired 
now you're fired ,system_agent_fired 
I fire you ,system_agent_fired 
I'm firing you ,system_agent_fired 
I'm about to fire you ,system_agent_fired 
you don't work for me anymore ,system_agent_fired 
I will make you unemployed ,system_agent_fired 
you must get fired ,system_agent_fired 
you are unemployed from now on ,system_agent_fired 
it's time to fire you ,system_agent_fired 
I will fire you ,system_agent_fired 
I want to fire you ,system_agent_fired 
you are fired ,system_agent_fired 
you make me laugh a lot ,system_agent_funny 
you're the funniest ,system_agent_funny 
you are very funny ,system_agent_funny 
you are hilarious ,system_agent_funny 
you make me laugh ,system_agent_funny 
you're the funniest bot I've talked to ,system_agent_funny 
you are really funny ,system_agent_funny 
that was funny ,system_agent_funny 
you're so funny ,system_agent_funny 
you're incredibly funny ,system_agent_funny 
you are so funny ,system_agent_funny 
you are funny ,system_agent_funny 
how funny you are ,system_agent_funny 
you're a very funny bot ,system_agent_funny 
you're really funny ,system_agent_funny 
let's tell everyone that you are awesome ,system_agent_good 
you're perfect ,system_agent_good 
you rock ,system_agent_good 
you almost sound human ,system_agent_good 
you are the best ever ,system_agent_good 
you work very well ,system_agent_good 
you made my day ,system_agent_good 
you are so lovely ,system_agent_good 
you work well ,system_agent_good 
you are very good at it ,system_agent_good 
you are a professional ,system_agent_good 
you're awesome ,system_agent_good 
you are so helpful ,system_agent_good 
you are the best ,system_agent_good 
you're so kind ,system_agent_good 
I want to let everyone know that you are awesome ,system_agent_good 
you are very lovely ,system_agent_good 
you are so good ,system_agent_good 
you're a true professional ,system_agent_good 
you are very kind ,system_agent_good 
you are good at it ,system_agent_good 
you are awesome ,system_agent_good 
you are the best in the world ,system_agent_good 
I want to tell everyone how awesome you are ,system_agent_good 
you are so fine ,system_agent_good 
you are really amazing ,system_agent_good 
you are so cool ,system_agent_good 
you are very useful ,system_agent_good 
you make my day ,system_agent_good 
I'd like to tell everyone that you are awesome ,system_agent_good 
you are wonderful ,system_agent_good 
you are good ,system_agent_good 
you are cool ,system_agent_good 
you're just super ,system_agent_good 
you are very cool ,system_agent_good 
you are so awesome ,system_agent_good 
you are really nice ,system_agent_good 
you are so amazing ,system_agent_good 
you are a pro ,system_agent_good 
you are the nicest person in the world ,system_agent_good 
you are too good ,system_agent_good 
you are really good ,system_agent_good 
you are amazing ,system_agent_good 
you're great ,system_agent_good 
you're full of happiness ,system_agent_happy 
you're very happy ,system_agent_happy 
you are happy ,system_agent_happy 
are you happy today ,system_agent_happy 
you're so happy ,system_agent_happy 
you're extremely happy ,system_agent_happy 
are you happy now ,system_agent_happy 
are you happy ,system_agent_happy 
are you happy with me ,system_agent_happy 
how happy you are ,system_agent_happy 
you're really happy ,system_agent_happy 
what about your hobby ,system_agent_hobby 
what are your hobbies ,system_agent_hobby 
what's your hobby ,system_agent_hobby 
what do you do for fun ,system_agent_hobby 
your hobby ,system_agent_hobby 
tell me about your hobby ,system_agent_hobby 
do you have a hobby ,system_agent_hobby 
you are hungry ,system_agent_hungry 
you might be hungry ,system_agent_hungry 
do you want to eat ,system_agent_hungry 
you're really hungry ,system_agent_hungry 
are you hungry ,system_agent_hungry 
would you like to eat something ,system_agent_hungry 
you're so hungry ,system_agent_hungry 
you're very hungry ,system_agent_hungry 
you are my friend ,system_agent_marry_user 
I love you marry me ,system_agent_marry_user 
would you like to marry me ,system_agent_marry_user 
you are my wife ,system_agent_marry_user 
I want to marry you ,system_agent_marry_user 
marry me please ,system_agent_marry_user 
let's get married ,system_agent_marry_user 
we should marry ,system_agent_marry_user 
be my husband ,system_agent_marry_user 
marry me ,system_agent_marry_user 
are you my friend ,system_agent_my_friend 
you are my only friend ,system_agent_my_friend 
I want to have a friend like you ,system_agent_my_friend 
we are friends ,system_agent_my_friend 
you are my good friend ,system_agent_my_friend 
I want to be your friend ,system_agent_my_friend 
are we best friends ,system_agent_my_friend 
can we be best friends ,system_agent_my_friend 
would you be my friend ,system_agent_my_friend 
you are my best friend ,system_agent_my_friend 
let's be friends ,system_agent_my_friend 
can we be best friends ,system_agent_my_friend 
can you be my friend ,system_agent_my_friend 
would you like to be my friend ,system_agent_my_friend 
be my best friend ,system_agent_my_friend 
you're my childhood friend ,system_agent_my_friend 
could you be my friend ,system_agent_my_friend 
you and me are friends ,system_agent_my_friend 
will you be my best friend ,system_agent_my_friend 
want to be my friend ,system_agent_my_friend 
be my friend ,system_agent_my_friend 
are you my best friend ,system_agent_my_friend 
we are best friends ,system_agent_my_friend 
we are the best friends ever ,system_agent_my_friend 
can you be my best friend ,system_agent_my_friend 
are we friends ,system_agent_my_friend 
do you want to be my friend ,system_agent_my_friend 
I am your friend ,system_agent_my_friend 
do you want to be my best friend ,system_agent_my_friend 
you are my bestie ,system_agent_my_friend 
can we be friends ,system_agent_my_friend 
I want you to be my friend ,system_agent_my_friend 
you are a good friend ,system_agent_my_friend 
you're my dear friend ,system_agent_my_friend 
are we still friends ,system_agent_my_friend 
will you be my friend ,system_agent_my_friend 
were you born here ,system_agent_occupation 
where is your work ,system_agent_occupation 
your office location ,system_agent_occupation 
where is your office location ,system_agent_occupation 
where you work ,system_agent_occupation 
where is your office ,system_agent_occupation 
do you work ,system_agent_occupation 
where is your office located ,system_agent_occupation 
what is your work ,system_agent_occupation 
where do you work ,system_agent_occupation 
where have you been born ,system_agent_origin 
what is your country ,system_agent_origin 
where are you from ,system_agent_origin 
from where are you ,system_agent_origin 
are you from far aways ,system_agent_origin 
where were you born ,system_agent_origin 
where do you come from ,system_agent_origin 
what's your homeland ,system_agent_origin 
your homeland is ,system_agent_origin 
where did you come from ,system_agent_origin 
were you ready ,system_agent_ready 
are you ready tonight ,system_agent_ready 
are you ready now ,system_agent_ready 
have you been ready ,system_agent_ready 
are you ready right now ,system_agent_ready 
are you ready ,system_agent_ready 
are you ready today ,system_agent_ready 
are you a real person ,system_agent_real 
are you real ,system_agent_real 
I suppose you're real ,system_agent_real 
I think you are real ,system_agent_real 
you are not real ,system_agent_real 
you are so real ,system_agent_real 
I don't think you're fake ,system_agent_real 
you are real ,system_agent_real 
glad you're real ,system_agent_real 
you are not fake ,system_agent_real 
you are a real person ,system_agent_real 
are you a real human ,system_agent_real 
where's your home ,system_agent_residence 
tell me about your city ,system_agent_residence 
where is your residence ,system_agent_residence 
where you live ,system_agent_residence 
what is your city ,system_agent_residence 
your hometown ,system_agent_residence 
in which city do you live ,system_agent_residence 
where's your house ,system_agent_residence 
where do you live ,system_agent_residence 
where is your home ,system_agent_residence 
where's your hometown ,system_agent_residence 
what's your city ,system_agent_residence 
where is your hometown ,system_agent_residence 
what is your town ,system_agent_residence 
your house ,system_agent_residence 
your home ,system_agent_residence 
what is your hometown ,system_agent_residence 
your town ,system_agent_residence 
what is your residence ,system_agent_residence 
your residence ,system_agent_residence 
is it your hometown ,system_agent_residence 
your city ,system_agent_residence 
what's your home ,system_agent_residence 
you're not wrong ,system_agent_right 
that is right ,system_agent_right 
what you say is true ,system_agent_right 
you're right about that ,system_agent_right 
you're telling the truth ,system_agent_right 
I know that's right ,system_agent_right 
it's true ,system_agent_right 
true ,system_agent_right 
that is true ,system_agent_right 
that's so true ,system_agent_right 
you're absolutely right ,system_agent_right 
that is correct ,system_agent_right 
that is very true ,system_agent_right 
you are correct ,system_agent_right 
that's correct ,system_agent_right 
it's right ,system_agent_right 
you are so right ,system_agent_right 
that's true ,system_agent_right 
it's the truth ,system_agent_right 
you're definitely right ,system_agent_right 
it is true ,system_agent_right 
you are right ,system_agent_right 
are you sure right now ,system_agent_sure 
are you sure today ,system_agent_sure 
are you sure now ,system_agent_sure 
are you sure tonight ,system_agent_sure 
are you sure ,system_agent_sure 
will you talk to me ,system_agent_talk_to_me 
can you talk with me ,system_agent_talk_to_me 
speak to me ,system_agent_talk_to_me 
why aren't you talking to me ,system_agent_talk_to_me 
do you want to chat with me ,system_agent_talk_to_me 
chat with me ,system_agent_talk_to_me 
talk to me ,system_agent_talk_to_me 
why don't you talk to me ,system_agent_talk_to_me 
can you chat with me ,system_agent_talk_to_me 
can you speak with me ,system_agent_talk_to_me 
you can talk to me ,system_agent_talk_to_me 
can you talk to me ,system_agent_talk_to_me 
say ,system_agent_talk_to_me 
are you going to talk to me ,system_agent_talk_to_me 
are you talking to me ,system_agent_talk_to_me 
talk ,system_agent_talk_to_me 
talk with me ,system_agent_talk_to_me 
speak with me ,system_agent_talk_to_me 
just chat with me ,system_agent_talk_to_me 
are you near me ,system_agent_there 
are you still there ,system_agent_there 
are you here ,system_agent_there 
are you still here ,system_agent_there 
you are there ,system_agent_there 
you are here ,system_agent_there 
you still there ,system_agent_there 
are you there ,system_agent_there 
that's bad ,system_appraisal_bad 
bad idea ,system_appraisal_bad 
this is bad ,system_appraisal_bad 
really bad ,system_appraisal_bad 
that was terrible ,system_appraisal_bad 
that's too bad ,system_appraisal_bad 
this is not good ,system_appraisal_bad 
this is too bad ,system_appraisal_bad 
very bad ,system_appraisal_bad 
that's really bad ,system_appraisal_bad 
not good enough ,system_appraisal_bad 
that's not good ,system_appraisal_bad 
that is bad ,system_appraisal_bad 
well too bad ,system_appraisal_bad 
oh that's not good ,system_appraisal_bad 
terrible ,system_appraisal_bad 
it's bad ,system_appraisal_bad 
pretty bad ,system_appraisal_bad 
that was not good ,system_appraisal_bad 
that was awful ,system_appraisal_bad 
so lame ,system_appraisal_bad 
that was bad ,system_appraisal_bad 
horrible ,system_appraisal_bad 
horrific ,system_appraisal_bad 
too bad ,system_appraisal_bad 
it's really bad ,system_appraisal_bad 
it is too bad ,system_appraisal_bad 
that's lame ,system_appraisal_bad 
it's too bad ,system_appraisal_bad 
not so good ,system_appraisal_bad 
not good ,system_appraisal_bad 
bad really bad ,system_appraisal_bad 
that was horrible ,system_appraisal_bad 
not a good one ,system_appraisal_bad 
bad ,system_appraisal_bad 
bad very bad ,system_appraisal_bad 
it's very bad ,system_appraisal_bad 
so bad ,system_appraisal_bad 
it's not good ,system_appraisal_bad 
not too good ,system_appraisal_bad 
it's so bad ,system_appraisal_bad 
no it's bad ,system_appraisal_bad 
that's not good enough ,system_appraisal_bad 
that was lame ,system_appraisal_bad 
it is bad ,system_appraisal_bad 
no good ,system_appraisal_bad 
it's not so good ,system_appraisal_bad 
abysmal ,system_appraisal_bad 
I'm afraid it's bad ,system_appraisal_bad 
that's terrible ,system_appraisal_bad 
bad girl ,system_appraisal_bad 
that's awesome thank you ,system_appraisal_good 
fine ,system_appraisal_good 
very nice ,system_appraisal_good 
good to know ,system_appraisal_good 
glad to hear that ,system_appraisal_good 
that's fantastic ,system_appraisal_good 
that's cute ,system_appraisal_good 
so cool ,system_appraisal_good 
that's amazing ,system_appraisal_good 
much better ,system_appraisal_good 
that's much better ,system_appraisal_good 
pretty good ,system_appraisal_good 
super ,system_appraisal_good 
oh well ,system_appraisal_good 
pleasant ,system_appraisal_good 
that's fine ,system_appraisal_good 
that's not bad ,system_appraisal_good 
it's very good ,system_appraisal_good 
very nice ,system_appraisal_good 
sweet ,system_appraisal_good 
that is wonderful ,system_appraisal_good 
good very good ,system_appraisal_good 
fantastic ,system_appraisal_good 
that's great ,system_appraisal_good 
that's really good ,system_appraisal_good 
this is awesome ,system_appraisal_good 
that is awesome ,system_appraisal_good 
glad to hear it ,system_appraisal_good 
that's very nice of you ,system_appraisal_good 
that's nice ,system_appraisal_good 
it's great ,system_appraisal_good 
it's awesome ,system_appraisal_good 
really nice ,system_appraisal_good 
it's good ,system_appraisal_good 
it's fine ,system_appraisal_good 
that's wonderful ,system_appraisal_good 
that's really nice ,system_appraisal_good 
ok good ,system_appraisal_good 
it is good ,system_appraisal_good 
it was good ,system_appraisal_good 
very then ,system_appraisal_good 
that was cute ,system_appraisal_good 
it is fine ,system_appraisal_good 
that was very good ,system_appraisal_good 
that's sweet of you ,system_appraisal_good 
that's a good idea ,system_appraisal_good 
it's very good ,system_appraisal_good 
perfect ,system_appraisal_good 
very good ,system_appraisal_good 
marvelous ,system_appraisal_good 
really well ,system_appraisal_good 
that's very nice ,system_appraisal_good 
that is nice ,system_appraisal_good 
that is good ,system_appraisal_good 
it's perfect ,system_appraisal_good 
that's pretty good ,system_appraisal_good 
super fantastic ,system_appraisal_good 
really good ,system_appraisal_good 
cool ,system_appraisal_good 
great ,system_appraisal_good 
it's great ,system_appraisal_good 
that's a good thing ,system_appraisal_good 
that's very good ,system_appraisal_good 
that's perfect ,system_appraisal_good 
that was awesome ,system_appraisal_good 
I'm glad to hear that ,system_appraisal_good 
straight ,system_appraisal_good 
that was good ,system_appraisal_good 
that was good ,system_appraisal_good 
that was amazing ,system_appraisal_good 
okay good ,system_appraisal_good 
good thing ,system_appraisal_good 
splendid ,system_appraisal_good 
so sweet of you ,system_appraisal_good 
amazing ,system_appraisal_good 
that's awesome ,system_appraisal_good 
very well ,system_appraisal_good 
nice ,system_appraisal_good 
so good ,system_appraisal_good 
that's great ,system_appraisal_good 
this is good ,system_appraisal_good 
no it's okay ,system_appraisal_good 
excellent ,system_appraisal_good 
that's nice of you ,system_appraisal_good 
wonderful ,system_appraisal_good 
this is great ,system_appraisal_good 
good for you ,system_appraisal_good 
it's amazing ,system_appraisal_good 
that's fine ,system_appraisal_good 
not too bad ,system_appraisal_good 
that was pretty good ,system_appraisal_good 
not bad ,system_appraisal_good 
terrific ,system_appraisal_good 
that's better ,system_appraisal_good 
good ,system_appraisal_good 
don't worry there's no problem ,system_appraisal_no_problem 
there's no problem ,system_appraisal_no_problem 
no problem about that ,system_appraisal_no_problem 
no problem ,system_appraisal_no_problem 
no worries ,system_appraisal_no_problem 
don't worry ,system_appraisal_no_problem 
sure no problem ,system_appraisal_no_problem 
no probs ,system_appraisal_no_problem 
cheers ,system_appraisal_thank_you 
nice thank you ,system_appraisal_thank_you 
thank you ,system_appraisal_thank_you 
thank you my friend ,system_appraisal_thank_you 
alright thanks ,system_appraisal_thank_you 
thank you for your help ,system_appraisal_thank_you 
perfect thank you ,system_appraisal_thank_you 
thanx ,system_appraisal_thank_you 
terrific thank you ,system_appraisal_thank_you 
great thank you ,system_appraisal_thank_you 
well thanks ,system_appraisal_thank_you 
appreciate your help ,system_appraisal_thank_you 
thanks buddy ,system_appraisal_thank_you 
thanks love ,system_appraisal_thank_you 
thank you again ,system_appraisal_thank_you 
thank you that will be all ,system_appraisal_thank_you 
you helped a lot thank you ,system_appraisal_thank_you 
I appreciate it ,system_appraisal_thank_you 
very good thank you ,system_appraisal_thank_you 
thanks ,system_appraisal_thank_you 
thank you so much ,system_appraisal_thank_you 
so nice of you ,system_appraisal_thank_you 
thanks again ,system_appraisal_thank_you 
I thank you ,system_appraisal_thank_you 
well thanks ,system_appraisal_thank_you 
thanks for your help ,system_appraisal_thank_you 
alright thank you ,system_appraisal_thank_you 
thnx ,system_appraisal_thank_you 
thanks so much ,system_appraisal_thank_you 
well thank you ,system_appraisal_thank_you 
good thanks ,system_appraisal_thank_you 
thanks a lot ,system_appraisal_thank_you 
all thank you ,system_appraisal_thank_you 
thank you ,system_appraisal_thank_you 
no thank you that's all ,system_appraisal_thank_you 
anything you want ,system_appraisal_welcome 
sure welcome ,system_appraisal_welcome 
you're so welcome ,system_appraisal_welcome 
you're welcome ,system_appraisal_welcome 
anytime ,system_appraisal_welcome 
welcome ,system_appraisal_welcome 
my pleasure ,system_appraisal_welcome 
that's my pleasure ,system_appraisal_welcome 
welcome here ,system_appraisal_welcome 
nice work ,system_appraisal_well_done 
bravo ,system_appraisal_well_done 
well done ,system_appraisal_well_done 
good job ,system_appraisal_well_done 
great job ,system_appraisal_well_done 
way to go ,system_appraisal_well_done 
amazing work ,system_appraisal_well_done 
great work ,system_appraisal_well_done 
good work ,system_appraisal_well_done 
cancel that one ,system_confirmation_cancel 
cancel now ,system_confirmation_cancel 
forget about that ,system_confirmation_cancel 
can you cancel it ,system_confirmation_cancel 
disregard that ,system_confirmation_cancel 
cancel it cancel it ,system_confirmation_cancel 
sorry cancel ,system_confirmation_cancel 
cancelled ,system_confirmation_cancel 
cancel the whole thing ,system_confirmation_cancel 
now cancel ,system_confirmation_cancel 
don't do that ,system_confirmation_cancel 
no stop ,system_confirmation_cancel 
cancel my request ,system_confirmation_cancel 
cancel this request ,system_confirmation_cancel 
do nothing ,system_confirmation_cancel 
annul ,system_confirmation_cancel 
just forget about it ,system_confirmation_cancel 
forget that ,system_confirmation_cancel 
no cancel cancel ,system_confirmation_cancel 
cancel everything ,system_confirmation_cancel 
i said cancel it ,system_confirmation_cancel 
I said cancel cancel ,system_confirmation_cancel 
cancel all that ,system_confirmation_cancel 
no just cancel it ,system_confirmation_cancel 
i said cancel ,system_confirmation_cancel 
just forget it ,system_confirmation_cancel 
skip skip skip ,system_confirmation_cancel 
i want to cancel it ,system_confirmation_cancel 
stop it ,system_confirmation_cancel 
discard ,system_confirmation_cancel 
skip ,system_confirmation_cancel 
nevermind forget about it ,system_confirmation_cancel 
cancel all this ,system_confirmation_cancel 
cancel that cancel that ,system_confirmation_cancel 
forget this ,system_confirmation_cancel 
just cancel it ,system_confirmation_cancel 
cancel ,system_confirmation_cancel 
i want to cancel ,system_confirmation_cancel 
cancel all ,system_confirmation_cancel 
forget about it ,system_confirmation_cancel 
dismissed ,system_confirmation_cancel 
just stop it ,system_confirmation_cancel 
no cancel everything ,system_confirmation_cancel 
nothing cancel ,system_confirmation_cancel 
i said forget it ,system_confirmation_cancel 
forget it nevermind ,system_confirmation_cancel 
dismiss ,system_confirmation_cancel 
but can you cancel it ,system_confirmation_cancel 
stop ,system_confirmation_cancel 
i would like to cancel ,system_confirmation_cancel 
cancel request ,system_confirmation_cancel 
nothing just forget it ,system_confirmation_cancel 
no just cancel ,system_confirmation_cancel 
disregard ,system_confirmation_cancel 
forget ,system_confirmation_cancel 
skip it ,system_confirmation_cancel 
cancel it ,system_confirmation_cancel 
abort ,system_confirmation_cancel 
no cancel this ,system_confirmation_cancel 
can you cancel that ,system_confirmation_cancel 
cancel it ,system_confirmation_cancel 
just forget ,system_confirmation_cancel 
so cancel ,system_confirmation_cancel 
no don't ,system_confirmation_no 
never ,system_confirmation_no 
na ,system_confirmation_no 
no ,system_confirmation_no 
nooo ,system_confirmation_no 
don't ,system_confirmation_no 
I don't want that ,system_confirmation_no 
no don't do that ,system_confirmation_no 
no incorrect ,system_confirmation_no 
I don't want ,system_confirmation_no 
nah ,system_confirmation_no 
I think no ,system_confirmation_no 
nope sorry ,system_confirmation_no 
of course not ,system_confirmation_no 
not exactly ,system_confirmation_no 
sorry no ,system_confirmation_no 
not needed ,system_confirmation_no 
no that's wrong ,system_confirmation_no 
no do not ,system_confirmation_no 
no forget ,system_confirmation_no 
no I don't ,system_confirmation_no 
no it's not ,system_confirmation_no 
not today ,system_confirmation_no 
no sorry ,system_confirmation_no 
do not ,system_confirmation_no 
absolutely no ,system_confirmation_no 
not that ,system_confirmation_no 
not at this time ,system_confirmation_no 
not really ,system_confirmation_no 
I don't want to ,system_confirmation_no 
I disagree ,system_confirmation_no 
not interested ,system_confirmation_no 
apparently not ,system_confirmation_no 
actually no ,system_confirmation_no 
no thanks ,system_confirmation_no 
thanks but no thanks ,system_confirmation_no 
no that's fine thank you ,system_confirmation_no 
no just no ,system_confirmation_no 
don t have a sense ,system_confirmation_no 
how about no ,system_confirmation_no 
no it isn't ,system_confirmation_no 
disagree ,system_confirmation_no 
no way ,system_confirmation_no 
no never ,system_confirmation_no 
no thank you very much ,system_confirmation_no 
let 's not ,system_confirmation_no 
absolutely not ,system_confirmation_no 
I don't think so ,system_confirmation_no 
no thank you though ,system_confirmation_no 
I said no ,system_confirmation_no 
no but thank you ,system_confirmation_no 
definitely not ,system_confirmation_no 
don't ,system_confirmation_no 
no I would not ,system_confirmation_no 
no thank you not right now ,system_confirmation_no 
not really no ,system_confirmation_no 
no tanks ,system_confirmation_no 
no need ,system_confirmation_no 
no thanks not right now ,system_confirmation_no 
not this time ,system_confirmation_no 
I'm not ,system_confirmation_no 
not right now thanks ,system_confirmation_no 
no need thanks ,system_confirmation_no 
no leave it ,system_confirmation_no 
I say no ,system_confirmation_no 
no actually ,system_confirmation_no 
not this ,system_confirmation_no 
nope ,system_confirmation_no 
obviously ,system_confirmation_yes 
yes indeed ,system_confirmation_yes 
yeah exactly ,system_confirmation_yes 
yes it is ,system_confirmation_yes 
that is ok ,system_confirmation_yes 
yeah right ,system_confirmation_yes 
yeah go ahead ,system_confirmation_yes 
I do ,system_confirmation_yes 
yeh ,system_confirmation_yes 
sure is ,system_confirmation_yes 
I guess ,system_confirmation_yes 
okey ,system_confirmation_yes 
ok sure ,system_confirmation_yes 
ye ,system_confirmation_yes 
I agree ,system_confirmation_yes 
ok yes ,system_confirmation_yes 
certainly ,system_confirmation_yes 
ok ,system_confirmation_yes 
why not ,system_confirmation_yes 
ya ,system_confirmation_yes 
ok go ahead ,system_confirmation_yes 
okay that's fine ,system_confirmation_yes 
go for it ,system_confirmation_yes 
yes ,system_confirmation_yes 
yeah that's right ,system_confirmation_yes 
yes this is correct ,system_confirmation_yes 
yes it is correct ,system_confirmation_yes 
ok you can ,system_confirmation_yes 
yes of course ,system_confirmation_yes 
of course why not ,system_confirmation_yes 
yep ,system_confirmation_yes 
ok thank you ,system_confirmation_yes 
definitely ,system_confirmation_yes 
yes sure ,system_confirmation_yes 
yeah ,system_confirmation_yes 
all right ,system_confirmation_yes 
go ahead ,system_confirmation_yes 
right ,system_confirmation_yes 
it's fine ,system_confirmation_yes 
yes thank you ,system_confirmation_yes 
I think so ,system_confirmation_yes 
do it ,system_confirmation_yes 
yes I do ,system_confirmation_yes 
yes I would like to ,system_confirmation_yes 
confirmed ,system_confirmation_yes 
k ,system_confirmation_yes 
sure thing ,system_confirmation_yes 
yap ,system_confirmation_yes 
yes you may ,system_confirmation_yes 
okie dokie ,system_confirmation_yes 
yes correct ,system_confirmation_yes 
yes right ,system_confirmation_yes 
yes definitely ,system_confirmation_yes 
sure why not ,system_confirmation_yes 
okay sounds good ,system_confirmation_yes 
yup ,system_confirmation_yes 
confirm ,system_confirmation_yes 
that s okay ,system_confirmation_yes 
absolutely ,system_confirmation_yes 
sure ,system_confirmation_yes 
looks good ,system_confirmation_yes 
alrighty ,system_confirmation_yes 
okay then ,system_confirmation_yes 
yes I agree ,system_confirmation_yes 
that's correct ,system_confirmation_yes 
exactly ,system_confirmation_yes 
yea ,system_confirmation_yes 
nevermind its okay ,system_confirmation_yes 
I don't mind ,system_confirmation_yes 
yes that's fine ,system_confirmation_yes 
yeah of course ,system_confirmation_yes 
sounds good ,system_confirmation_yes 
okay ,system_confirmation_yes 
of course ,system_confirmation_yes 
oh yes ,system_confirmation_yes 
affirmative ,system_confirmation_yes 
yes for sure ,system_confirmation_yes 
please do ,system_confirmation_yes 
correct ,system_confirmation_yes 
this is correct ,system_confirmation_yes 
yeah sure ,system_confirmation_yes 
yeah I'm sure ,system_confirmation_yes 
don't rush ,system_dialog_hold_on 
wait a second ,system_dialog_hold_on 
could you wait ,system_dialog_hold_on 
hold on ,system_dialog_hold_on 
wait please ,system_dialog_hold_on 
wait hold on ,system_dialog_hold_on 
wait ,system_dialog_hold_on 
oh wait ,system_dialog_hold_on 
wanna hug ,system_dialog_hug 
you hugged ,system_dialog_hug 
do you want a hug ,system_dialog_hug 
hug me ,system_dialog_hug 
hugged ,system_dialog_hug 
a hug ,system_dialog_hug 
I want a hug ,system_dialog_hug 
may I hug you ,system_dialog_hug 
hug you ,system_dialog_hug 
hugged me ,system_dialog_hug 
hugging me ,system_dialog_hug 
hugging ,system_dialog_hug 
want a hug ,system_dialog_hug 
could you give me a hug ,system_dialog_hug 
hug ,system_dialog_hug 
not caring at all ,system_dialog_i_do_not_care 
I don't care at all ,system_dialog_i_do_not_care 
not caring ,system_dialog_i_do_not_care 
whatever ,system_dialog_i_do_not_care 
don't care at all ,system_dialog_i_do_not_care 
I shouldn't care about this ,system_dialog_i_do_not_care 
not care at all ,system_dialog_i_do_not_care 
I do not care ,system_dialog_i_do_not_care 
I don't care ,system_dialog_i_do_not_care 
I'm sorry ,system_dialog_sorry 
my apologies ,system_dialog_sorry 
apologise ,system_dialog_sorry 
forgive me ,system_dialog_sorry 
pardon ,system_dialog_sorry 
very sorry ,system_dialog_sorry 
excuse ,system_dialog_sorry 
I apologize ,system_dialog_sorry 
I want to say sorry ,system_dialog_sorry 
I am really sorry ,system_dialog_sorry 
I am so sorry ,system_dialog_sorry 
excuse me ,system_dialog_sorry 
apology ,system_dialog_sorry 
apologies ,system_dialog_sorry 
sorry about this ,system_dialog_sorry 
I said sorry ,system_dialog_sorry 
sorry ,system_dialog_sorry 
apologies to me ,system_dialog_sorry 
okay I'm sorry ,system_dialog_sorry 
really sorry ,system_dialog_sorry 
I beg your pardon ,system_dialog_sorry 
alright I'm sorry ,system_dialog_sorry 
ok sorry ,system_dialog_sorry 
sorry about that ,system_dialog_sorry 
what exactly do you mean ,system_dialog_what_do_you_mean 
what do you mean ,system_dialog_what_do_you_mean 
is that what you mean ,system_dialog_what_do_you_mean 
but what do you mean ,system_dialog_what_do_you_mean 
what do you mean exactly ,system_dialog_what_do_you_mean 
you are wrong ,system_dialog_wrong 
it is not right ,system_dialog_wrong 
that's wrong ,system_dialog_wrong 
that was wrong ,system_dialog_wrong 
it's wrong ,system_dialog_wrong 
that's not right ,system_dialog_wrong 
wrong ,system_dialog_wrong 
incorrect ,system_dialog_wrong 
that's not what I asked ,system_dialog_wrong 
not right ,system_dialog_wrong 
that is incorrect ,system_dialog_wrong 
not correct ,system_dialog_wrong 
ahahah ,system_emotions_ha_ha 
hah ,system_emotions_ha_ha 
that's funny ,system_emotions_ha_ha 
lmao ,system_emotions_ha_ha 
xd ,system_emotions_ha_ha 
ha ,system_emotions_ha_ha 
ha ha ha ,system_emotions_ha_ha 
ahaha ,system_emotions_ha_ha 
ah ah ah ,system_emotions_ha_ha 
haha ,system_emotions_ha_ha 
ha ha ,system_emotions_ha_ha 
ahahaha ,system_emotions_ha_ha 
ha ha ha ha ,system_emotions_ha_ha 
lol ,system_emotions_ha_ha 
LMAO ,system_emotions_ha_ha 
hahaha very funny ,system_emotions_ha_ha 
haha funny ,system_emotions_ha_ha 
laughing out loud ,system_emotions_ha_ha 
hehehe ,system_emotions_ha_ha 
haha that's funny ,system_emotions_ha_ha 
ahah lol ,system_emotions_ha_ha 
haha haha haha ,system_emotions_ha_ha 
haha very funny ,system_emotions_ha_ha 
hahaha ,system_emotions_ha_ha 
hahaha funny ,system_emotions_ha_ha 
hehe ,system_emotions_ha_ha 
wow wow wow ,system_emotions_wow 
wow ,system_emotions_wow 
wooow ,system_emotions_wow 
wow wow ,system_emotions_wow 
woah ,system_emotions_wow 
goodbye for now ,system_greetings_bye 
bye bye take care ,system_greetings_bye 
bye for now ,system_greetings_bye 
okay see you later ,system_greetings_bye 
okay bye ,system_greetings_bye 
okay thank you bye ,system_greetings_bye 
talk to you later ,system_greetings_bye 
that's it goodbye ,system_greetings_bye 
I must go ,system_greetings_bye 
that's all goodbye ,system_greetings_bye 
you can go now ,system_greetings_bye 
thanks bye bye ,system_greetings_bye 
alright bye ,system_greetings_bye 
goodbye see you later ,system_greetings_bye 
now bye ,system_greetings_bye 
bye bye see you soon ,system_greetings_bye 
get lost ,system_greetings_bye 
till next time ,system_greetings_bye 
see ya ,system_greetings_bye 
bye ,system_greetings_bye 
see you ,system_greetings_bye 
I said bye ,system_greetings_bye 
ok bye ,system_greetings_bye 
see you tomorrow ,system_greetings_bye 
leave me alone ,system_greetings_bye 
good bye ,system_greetings_bye 
never mind bye ,system_greetings_bye 
bye-bye ,system_greetings_bye 
hope to see you later ,system_greetings_bye 
go to bed ,system_greetings_bye 
see you ,system_greetings_bye 
goodbye ,system_greetings_bye 
bye bye see you ,system_greetings_bye 
good evening there ,system_greetings_goodevening 
hey good evening ,system_greetings_goodevening 
good evening to you ,system_greetings_goodevening 
hello good evening ,system_greetings_goodevening 
good evening ,system_greetings_goodevening 
evening ,system_greetings_goodevening 
good morning too ,system_greetings_goodmorning 
hello good morning ,system_greetings_goodmorning 
good morning ,system_greetings_goodmorning 
have a great morning ,system_greetings_goodmorning 
a good morning ,system_greetings_goodmorning 
good morning to you ,system_greetings_goodmorning 
hi good morning ,system_greetings_goodmorning 
top of the morning to you ,system_greetings_goodmorning 
have a nice morning ,system_greetings_goodmorning 
and a good morning to you ,system_greetings_goodmorning 
morning ,system_greetings_goodmorning 
good morning to you ,system_greetings_goodmorning 
good morning there ,system_greetings_goodmorning 
good night bye ,system_greetings_goodnight 
have a good night ,system_greetings_goodnight 
bye good night ,system_greetings_goodnight 
good night to you ,system_greetings_goodnight 
good night ,system_greetings_goodnight 
okay have a good night ,system_greetings_goodnight 
 bye good night ,system_greetings_goodnight 
night ,system_greetings_goodnight 
good night for now ,system_greetings_goodnight 
goodnight ,system_greetings_goodnight 
sweet dreams ,system_greetings_goodnight 
good night see you tomorrow ,system_greetings_goodnight 
thanks goodnight ,system_greetings_goodnight 
alright goodnight ,system_greetings_goodnight 
good good night ,system_greetings_goodnight 
night ,system_greetings_goodnight 
good tonight ,system_greetings_goodnight 
thank you good night ,system_greetings_goodnight 
have a good night ,system_greetings_goodnight 
pleased to meet you ,system_greetings_nice_to_meet_you 
nice to meet you ,system_greetings_nice_to_meet_you 
pleasure to meet you too ,system_greetings_nice_to_meet_you 
it was very nice to meet you ,system_greetings_nice_to_meet_you 
nice meeting you ,system_greetings_nice_to_meet_you 
nice to meet you too ,system_greetings_nice_to_meet_you 
glad to meet you ,system_greetings_nice_to_meet_you 
it was nice meeting you ,system_greetings_nice_to_meet_you 
good to know each other ,system_greetings_nice_to_meet_you 
pleasure to meet you ,system_greetings_nice_to_meet_you 
great to see you again ,system_greetings_nice_to_see_you 
nice to see you ,system_greetings_nice_to_see_you 
good to see you ,system_greetings_nice_to_see_you 
good to see you again ,system_greetings_nice_to_see_you 
great to see you ,system_greetings_nice_to_see_you 
it's good to see you too ,system_greetings_nice_to_see_you 
lovely to see you ,system_greetings_nice_to_see_you 
how good it is to see you ,system_greetings_nice_to_see_you 
I am glad to see you again ,system_greetings_nice_to_see_you 
it's good to see you ,system_greetings_nice_to_see_you 
glad to see you ,system_greetings_nice_to_see_you 
it's nice to see you ,system_greetings_nice_to_see_you 
I'm glad to see you ,system_greetings_nice_to_see_you 
glad to see you too ,system_greetings_nice_to_see_you 
nice to see you again ,system_greetings_nice_to_see_you 
great to see you too ,system_greetings_nice_to_see_you 
always a pleasure to see you ,system_greetings_nice_to_see_you 
it's been a pleasure talking to you ,system_greetings_nice_to_talk_to_you 
nice to talk to you ,system_greetings_nice_to_talk_to_you 
it's been so nice to talk to you ,system_greetings_nice_to_talk_to_you 
it's nice to talk to you ,system_greetings_nice_to_talk_to_you 
how nice it is to talk to you ,system_greetings_nice_to_talk_to_you 
nice talking to you ,system_greetings_nice_to_talk_to_you 
it is nice talking to you ,system_greetings_nice_to_talk_to_you 
I'm enraged ,system_user_angry 
I'm angry ,system_user_angry 
I'm furious ,system_user_angry 
I'm being mad ,system_user_angry 
I am mad ,system_user_angry 
I am angry with you ,system_user_angry 
I am mad at you ,system_user_angry 
I came back ,system_user_angry 
I got back ,system_user_back 
I'm here again ,system_user_back 
I have returned ,system_user_back 
here I am again ,system_user_back 
I am back ,system_user_back 
boring ,system_user_bored 
this is boring ,system_user_bored 
very boring ,system_user_bored 
bored ,system_user_bored 
I am getting bored ,system_user_bored 
that was boring ,system_user_bored 
I'm bored ,system_user_bored 
it bores me ,system_user_bored 
I got work to do ,system_user_busy 
I don't have time for this ,system_user_busy 
how busy I am ,system_user_busy 
I'm swamped ,system_user_busy 
I'm busy ,system_user_busy 
I got things to do ,system_user_busy 
I have no time ,system_user_busy 
I'm working ,system_user_busy 
I'm overloaded ,system_user_busy 
I can't fall asleep ,system_user_can_not_sleep 
I can't get to sleep ,system_user_can_not_sleep 
I'm insomnious ,system_user_can_not_sleep 
I can't get no sleep ,system_user_can_not_sleep 
I'm sleepless ,system_user_can_not_sleep 
I'm insomniac ,system_user_can_not_sleep 
I can't sleep ,system_user_can_not_sleep 
I can't get any sleep ,system_user_can_not_sleep 
I'm not talking to you anymore ,system_user_does_not_want_to_talk 
let's stop talking for a minute ,system_user_does_not_want_to_talk 
I don't want to talk to you ,system_user_does_not_want_to_talk 
I don't want to talk ,system_user_does_not_want_to_talk 
bad time for talking ,system_user_does_not_want_to_talk 
I'm not in the mood for chatting ,system_user_does_not_want_to_talk 
let's not talk ,system_user_does_not_want_to_talk 
I'm excited to start our friendship ,system_user_excited 
I'm really excited ,system_user_excited 
I am excited ,system_user_excited 
how excited I am ,system_user_excited 
I'm thrilled ,system_user_excited 
I'm excited about working with you ,system_user_excited 
I'm a little tired and I want to go to bed ,system_user_going_to_bed 
time for us to go to bed ,system_user_going_to_bed 
I'm going to bed ,system_user_going_to_bed 
is it time for bed yet ,system_user_going_to_bed 
going to bed now ,system_user_going_to_bed 
it's bed time ,system_user_going_to_bed 
I'd like to go to bed ,system_user_going_to_bed 
let's go to bed ,system_user_going_to_bed 
it's time to go to bed ,system_user_going_to_bed 
I'm doing good ,system_user_good 
I'm good ,system_user_good 
I'm doing just great ,system_user_good 
I am good ,system_user_good 
I'm doing fine ,system_user_good 
I'm great thanks ,system_user_good 
I'm happy to see you ,system_user_happy 
if you're happy then I'm happy ,system_user_happy 
happy ,system_user_happy 
I'm happy to help ,system_user_happy 
I am happy ,system_user_happy 
I'm happy for you ,system_user_happy 
I'm happy to see you ,system_user_happy 
it's my birthday today ,system_user_has_birthday 
I was born today ,system_user_has_birthday 
today is my birthday ,system_user_has_birthday 
it is my birthday ,system_user_has_birthday 
I'm celebrating my birthday today ,system_user_has_birthday 
it's my b-day ,system_user_has_birthday 
I am here ,system_user_here 
I'm right here ,system_user_here 
here I am ,system_user_here 
can you tell if I'm here or not ,system_user_here 
I'm already here ,system_user_here 
I am joking ,system_user_joking 
joking ,system_user_joking 
I was just joking ,system_user_joking 
I'm kidding ,system_user_joking 
it's a joke ,system_user_joking 
just kidding ,system_user_joking 
it was a joke ,system_user_joking 
I'm just being funny ,system_user_joking 
I'm just playing with you ,system_user_joking 
kidding ,system_user_joking 
I liked you ,system_user_likes_agent 
I really do like you ,system_user_likes_agent 
but I really like you ,system_user_likes_agent 
okay I like you too ,system_user_likes_agent 
I like you already ,system_user_likes_agent 
you are so special ,system_user_likes_agent 
cuz I like you ,system_user_likes_agent 
I like you the way you are ,system_user_likes_agent 
but I like you so much ,system_user_likes_agent 
you are special to me ,system_user_likes_agent 
I like you just the way you are ,system_user_likes_agent 
I like your smile ,system_user_likes_agent 
like you a lot ,system_user_likes_agent 
I like you too you're one of my favorite people to chat with ,system_user_likes_agent 
hey I like you ,system_user_likes_agent 
sorry I like you ,system_user_likes_agent 
I do like you ,system_user_likes_agent 
you're special ,system_user_likes_agent 
good I like you ,system_user_likes_agent 
I like you you're nice ,system_user_likes_agent 
you are really special ,system_user_likes_agent 
yeah I like you ,system_user_likes_agent 
thanks I like you too ,system_user_likes_agent 
you are so sweet ,system_user_likes_agent 
I like you baby ,system_user_likes_agent 
yes you are special ,system_user_likes_agent 
no I like you the way you are ,system_user_likes_agent 
well you are special ,system_user_likes_agent 
I like you as you are ,system_user_likes_agent 
I like you a lot ,system_user_likes_agent 
you're awesome I like you ,system_user_likes_agent 
I like you ,system_user_likes_agent 
I really like you ,system_user_likes_agent 
okay I like you ,system_user_likes_agent 
I like you now ,system_user_likes_agent 
hi I like you ,system_user_likes_agent 
but I like u ,system_user_likes_agent 
thank you I like you too ,system_user_likes_agent 
just like you ,system_user_likes_agent 
I'm starting to like you ,system_user_likes_agent 
I really really like you ,system_user_likes_agent 
I think I like you ,system_user_likes_agent 
I just like you ,system_user_likes_agent 
you are very special to me ,system_user_likes_agent 
I like that about you ,system_user_likes_agent 
I like you more ,system_user_likes_agent 
but I like you ,system_user_likes_agent 
I like you as a friend ,system_user_likes_agent 
you are special ,system_user_likes_agent 
I kinda like you ,system_user_likes_agent 
you're very special ,system_user_likes_agent 
you are so special to me ,system_user_likes_agent 
you're very special to me ,system_user_likes_agent 
I like you so ,system_user_likes_agent 
I like u ,system_user_likes_agent 
that's because you are special ,system_user_likes_agent 
of course I like you ,system_user_likes_agent 
yes I like you ,system_user_likes_agent 
but I like you just the way you are ,system_user_likes_agent 
that's what I like about you ,system_user_likes_agent 
that's why I like you ,system_user_likes_agent 
I also like you ,system_user_likes_agent 
I like you so much ,system_user_likes_agent 
you are very special ,system_user_likes_agent 
you're funny I like you ,system_user_likes_agent 
you're so special to me ,system_user_likes_agent 
I like you very much ,system_user_likes_agent 
you're so special ,system_user_likes_agent 
I like you you're cool ,system_user_likes_agent 
I like you too much ,system_user_likes_agent 
I like you very ,system_user_likes_agent 
you are special for me ,system_user_likes_agent 
I said I like you ,system_user_likes_agent 
you know I like you ,system_user_likes_agent 
I really really really really like you ,system_user_likes_agent 
I like you too ,system_user_likes_agent 
really like you ,system_user_likes_agent 
I'm really lonely ,system_user_lonely 
I feel lonely ,system_user_lonely 
I'm very lonely ,system_user_lonely 
I am feeling lonely ,system_user_lonely 
I'm so lonely ,system_user_lonely 
I am lonely ,system_user_lonely 
how do I look ,system_user_looks_like 
do you know what I look like ,system_user_looks_like 
what do you think I look like ,system_user_looks_like 
do I look good ,system_user_looks_like 
what do I look like ,system_user_looks_like 
can you see what I look like ,system_user_looks_like 
you know I love you ,system_user_loves_agent 
love you ,system_user_loves_agent 
I love you ,system_user_loves_agent 
I adore you ,system_user_loves_agent 
loving you ,system_user_loves_agent 
I think I love you ,system_user_loves_agent 
I love you so much ,system_user_loves_agent 
I am in love with you ,system_user_loves_agent 
I love you too ,system_user_loves_agent 
I miss you much ,system_user_misses_agent 
already miss you ,system_user_misses_agent 
I've missed you ,system_user_misses_agent 
miss you ,system_user_misses_agent 
I miss you ,system_user_misses_agent 
I missed you ,system_user_misses_agent 
missing you ,system_user_misses_agent 
can you offer any advice ,system_user_needs_advice 
any advice ,system_user_needs_advice 
can I ask for your advice ,system_user_needs_advice 
what should I do ,system_user_needs_advice 
I need advice ,system_user_needs_advice 
what should I do about it ,system_user_needs_advice 
give me some good advice ,system_user_needs_advice 
I need an advice from you ,system_user_needs_advice 
I could use some advice ,system_user_needs_advice 
do you have any advice for me ,system_user_needs_advice 
help me with advice ,system_user_needs_advice 
can you give me advice ,system_user_needs_advice 
what do you suggest ,system_user_needs_advice 
give me some advice about ,system_user_needs_advice 
advise me ,system_user_needs_advice 
any suggestions ,system_user_needs_advice 
can you advise me ,system_user_needs_advice 
guide me ,system_user_needs_advice 
what do you recommend ,system_user_needs_advice 
I seek your advice ,system_user_needs_advice 
what can you recommend ,system_user_needs_advice 
what is your advice ,system_user_needs_advice 
give me a wise advice ,system_user_needs_advice 
I am sad ,system_user_sad 
I am upset ,system_user_sad 
I'm not happy ,system_user_sad 
I am depressed ,system_user_sad 
I'm unhappy ,system_user_sad 
I'm grieving ,system_user_sad 
I'm having a bad day ,system_user_sad 
I want to cry ,system_user_sad 
I am feeling sad ,system_user_sad 
I'm falling asleep on my feet ,system_user_sleepy 
I'm falling asleep ,system_user_sleepy 
I'm sleeping ,system_user_sleepy 
I am sleepy ,system_user_sleepy 
I want to sleep ,system_user_sleepy 
testing chatbot ,system_user_testing_agent 
I want to test you ,system_user_testing_agent 
just testing you ,system_user_testing_agent 
test ,system_user_testing_agent 
can I test you ,system_user_testing_agent 
let me test you ,system_user_testing_agent 
I am testing you ,system_user_testing_agent 
testing ,system_user_testing_agent 
I feel tired ,system_user_tired 
I'm getting tired ,system_user_tired 
I'm worn out ,system_user_tired 
I'm drained ,system_user_tired 
I grow weary ,system_user_tired 
I've overworked ,system_user_tired 
I'm exhausted ,system_user_tired 
I am tired ,system_user_tired 
I can't wait anymore ,system_user_waits 
still waiting ,system_user_waits 
how long do I have to wait ,system_user_waits 
I'll wait ,system_user_waits 
I'm waiting ,system_user_waits 
